estudiante,nota
Bron Rowen,2
Fabien Abson,10
Whitaker Corrison,1
Lari Belchamp,3
Frasquito Whitehorn,4
Felic Bugby,1
Edna Yurchenko,3
Giordano Gurge,6
Wilow Colyer,9
Chrisse Dahlman,7
Gipsy Stiffkins,5
Dane Swinglehurst,10
Tracey Redhole,8
Archaimbaud Sandilands,6
Charmaine Twede,10
Mac Linay,4
Jeno Derx,6
Grayce Ansill,8
Kellina Wane,1
Kimmy Hagart,5
Karel Goskar,1
Karlotta Penhearow,6
Barnard Adel,2
Brandtr Hollingdale,5
Lazaro Bassingham,5
Annamaria Gemeau,5
Harcourt Dmitrichenko,8
Cazzie Ludvigsen,4
Chancey Beston,2
Ringo Killeen,6
